PID,weight,x0,xf,E0,Ef
0,0,0,5.69377e+08,0,9.68278e-13
